model_mode,num_clips,mean_future_mse,mean_future_mae,mean_future_psnr,mean_future_global_ssim,mean_context_mse,mean_context_psnr,mean_generated_future_laplacian_sharpness,mean_sharpness_ratio_generated_over_reference,mean_fft_high_frequency_energy_ratio_generated_over_reference,mean_motion_ratio_generated_over_reference,mean_low_frequency_motion_ratio_generated_over_reference,mean_temporal_delta_error_mae,mean_low_frequency_temporal_delta_error_mae,mean_boundary_mae_ratio_generated_over_reference,mean_copy_leakage_ratio_min_context_over_future,method_key,checkpoint_step,future_fvd_style,rank,source_table,method_label,fvd_future,fvd_backend,fvd_num_videos,fvd_num_frames,fvd_size
v4_main_text_r128_partial_step000000,5,2331.06994934082,26.610507106781007,17.19536717050702,0.6979664803651352,53.952660751342776,31.477809450073977,84.53513164520264,0.3723981908681938,0.9906130909506313,0.7265057150791951,0.7213945546686166,9.381512117385864,9.386698818206787,0.589088654556471,1.0781840396484865,v4_main_text_r128_partial,0,91.4907161532777,,three_epoch,,,,,,
v4_main_text_r128_partial_step000100,5,2320.8278564453126,26.59346208572388,17.225625973042536,0.6993195766504079,53.965121841430665,31.475964521633035,83.52495441436767,0.369526543996339,0.9993350070093608,0.7194557430255308,0.7147672173494148,9.327488279342651,9.327949285507202,0.5887320899167251,1.0824475534013027,v4_main_text_r128_partial,100,88.2206749758567,,three_epoch,,,,,,
v4_main_text_r128_partial_step000250,5,2330.1107696533204,26.62800178527832,17.21056710760671,0.6987410495938784,53.9704402923584,31.47605116434338,83.52507343292237,0.36835141671054006,0.9860303625456728,0.7209133147907322,0.7165616509377186,9.335020875930786,9.33677716255188,0.5843932551405899,1.079799110563639,v4_main_text_r128_partial,250,86.87153923966187,,three_epoch,,,,,,
v4_main_text_r128_partial_step000500,5,2324.993615722656,26.606808280944826,17.222211407494363,0.6993479260983174,53.9012996673584,31.483213831785566,82.31033725738526,0.3636502003254076,0.9922885480732075,0.7170690784020215,0.7123254153068378,9.31725254058838,9.318935441970826,0.5957696857679691,1.0817535645115424,v4_main_text_r128_partial,500,84.33037030718953,,three_epoch,,,,,,
v4_main_text_r128_partial_step000750,5,2329.966256713867,26.58561315536499,17.217707600867936,0.6985880873965307,53.88409996032715,31.483749250917775,82.7364854812622,0.3647545950716714,0.9812127945859478,0.7215200956113749,0.7167073981606475,9.349783086776734,9.35425944328308,0.6083409975398753,1.078076606877194,v4_main_text_r128_partial,750,89.45011715931724,,three_epoch,,,,,,
v4_main_text_r128_partial_step001000,5,2319.192041015625,26.600052642822266,17.22999435292996,0.7000909962088843,53.92434577941894,31.476095219762225,81.91306571960449,0.3622536493887026,0.9948682236111827,0.7175221503959456,0.7130011244663784,9.31641902923584,9.316739702224732,0.6094357244829303,1.0812328707424652,v4_main_text_r128_partial,1000,84.85776691676597,,three_epoch,,,,,,
v4_main_text_r128_partial_step001500,5,2318.0527160644533,26.493183040618895,17.25149376189718,0.6993720557876886,53.822021484375,31.485922877158732,81.37574138641358,0.35975274767691806,0.9744168051957921,0.7180910136824092,0.7131865822143836,9.320283794403077,9.321163892745972,0.6097875303385576,1.0797367238655027,v4_main_text_r128_partial,1500,87.1005076567626,,three_epoch,,,,,,
v4_main_text_r128_partial_step002000,5,2310.030563354492,26.411315822601317,17.26722933036499,0.6998408324003081,53.83894729614258,31.484283290479386,80.98618583679199,0.3580263196374295,0.9743041399918402,0.7128026250610029,0.7078774231393866,9.304356145858765,9.309013414382935,0.6143706900195139,1.0800555442331325,v4_main_text_r128_partial,2000,86.16989288798354,,three_epoch,,,,,,
v4_main_text_r128_partial_step002500,5,2307.6499084472657,26.384943199157714,17.27044712104287,0.6999849099829729,53.84129676818848,31.48325907380805,80.97387733459473,0.35714282785655505,0.9701205636423879,0.7143901065459708,0.7090881908731458,9.310858488082886,9.311274433135987,0.6208212688276482,1.080980862326155,v4_main_text_r128_partial,2500,90.09959462366922,,three_epoch,,,,,,
v4_main_text_r128_partial_step003000,5,2305.6576446533204,26.36220474243164,17.278892282215004,0.7003187819194886,53.84101181030273,31.4845304838719,80.88523998260499,0.3565277245004444,0.9701400107503619,0.7137548037085031,0.7088783650351556,9.312305927276611,9.316418218612672,0.626776000457624,1.081770430542654,v4_main_text_r128_partial,3000,89.67816764940827,,three_epoch,,,,,,
v4_main_text_r128_partial_step004000,5,2307.7272613525392,26.382957172393798,17.275527361867347,0.7004593773916884,53.849627304077146,31.48373444855231,80.7096160888672,0.35631691276464794,0.9723996296955452,0.7114344609747831,0.7064869626989181,9.298915004730224,9.301181030273437,0.6157832844707658,1.0809151341855954,v4_main_text_r128_partial,4000,86.15090550750517,,three_epoch,,,,,,
v4_main_text_r128_partial_step005000,5,2310.13649597168,26.417007064819337,17.268938647776046,0.7003700210266439,53.81874237060547,31.488002028813877,81.17640419006348,0.35865106710492023,0.9734085422963453,0.7117168931010729,0.7067465642797843,9.288988494873047,9.28745059967041,0.61402094810241,1.0809758459169891,v4_main_text_r128_partial,5000,86.71998896843732,,three_epoch,,,,,,
v4_main_text_r128_partial_step006000,5,2294.7707611083983,26.373316860198976,17.285729034937816,0.7018055805531824,53.87564697265625,31.481327132331227,80.00085391998292,0.35404903301776935,0.9820991339981177,0.7076228324860715,0.7024821265181044,9.24895157814026,9.241782855987548,0.6200640717808256,1.0853176118986332,v4_main_text_r128_partial,6000,83.48720491590268,,three_epoch,,,,,,
v4_main_text_r128_partial_step007000,5,2285.9342651367188,26.33530263900757,17.290751824979218,0.7022144783353446,53.890525817871094,31.479957793250502,79.33513374328614,0.35159743794324594,0.9750093618604645,0.706848865930026,0.7017310151206274,9.24659857749939,9.240034294128417,0.621971562841005,1.084331035177131,v4_main_text_r128_partial,7000,87.05456777281609,,three_epoch,,,,,,
v4_main_text_r128_partial_step007992,5,2306.1787048339843,26.371138763427734,17.28224704387628,0.7007106483200587,53.784624099731445,31.490370447737757,80.61892776489258,0.3562575592864155,0.972528024769562,0.7122127179075213,0.707582540306545,9.298815202713012,9.30340747833252,0.6315924426669318,1.0812891354986092,v4_main_text_r128_partial,7992,88.5690831345166,,three_epoch,,,,,,
v4_main_text_r128_partial_step009000,5,2308.2744903564453,26.381142711639406,17.26848654012589,0.7003923453761012,53.74025764465332,31.492175679803218,80.75183639526367,0.356162716129063,0.9719448822243641,0.7140209781654325,0.7086536638753801,9.30282621383667,9.306105661392213,0.6255170550544051,1.0805224741592325,v4_main_text_r128_partial,9000,84.60046866225306,,three_epoch,,,,,,
v4_main_text_r128_partial_step010000,5,2282.206854248047,26.327177429199217,17.286512256000357,0.7025124951937727,53.79558486938477,31.487444452778114,79.022869682312,0.3510003109936875,0.9746133374667604,0.7087716734209699,0.7046538913763163,9.259799003601074,9.259937191009522,0.6350919350362167,1.0849475541102696,v4_main_text_r128_partial,10000,84.00932226532686,,three_epoch,,,,,,
v4_main_text_r128_partial_step011000,5,2305.7839416503907,26.371473121643067,17.27773965756207,0.7004486175828657,53.77319488525391,31.491800960852125,80.33285617828369,0.35467440184310195,0.968961425706793,0.7121719672848175,0.7069357640017924,9.294486713409423,9.29510064125061,0.6158601009095869,1.0808756578896042,v4_main_text_r128_partial,11000,86.61544525321153,,three_epoch,,,,,,
v4_main_text_r128_partial_step012000,5,2306.518179321289,26.424862480163576,17.27797233458707,0.7008343486784396,53.80027770996094,31.489679007329812,80.03216075897217,0.3540217872486539,0.9790203785088236,0.7107384988500991,0.7053767370201921,9.273752737045289,9.267564392089843,0.6227961748784143,1.0821149297672656,v4_main_text_r128_partial,12000,83.70700744541116,,three_epoch,,,,,,
v4_main_text_r128_partial_step013000,5,2307.534518432617,26.35859441757202,17.275573427585307,0.7004985924873224,53.80499420166016,31.48756609295301,80.39420013427734,0.3555250912304329,0.9725293911696493,0.7093305820179497,0.704358970312587,9.286588525772094,9.290095043182372,0.6327002894962538,1.080128865292012,v4_main_text_r128_partial,13000,87.98300936217686,,three_epoch,,,,,,
v4_main_text_r128_partial_step014000,5,2303.9711944580076,26.399975967407226,17.285066207512006,0.7012735966895963,53.872689437866214,31.4836481924321,79.1338399887085,0.3503612210828698,0.9750254313444151,0.7076876396801782,0.7024242054807032,9.258535766601563,9.2542329788208,0.6172312194045183,1.083798666657014,v4_main_text_r128_partial,14000,83.8108728035229,,three_epoch,,,,,,
v4_main_text_r128_partial_step015000,5,2304.8945129394533,26.404596424102785,17.2757005045237,0.7010553973720486,53.843186950683595,31.48674109185937,79.42368831634522,0.35238972214465436,0.9833078510383171,0.7074009895156268,0.7020974596857512,9.26429271697998,9.262991285324096,0.6311068077077373,1.0832333140455088,v4_main_text_r128_partial,15000,85.80875018111584,,three_epoch,,,,,,
v4_main_text_r32_3epoch_step007992,5,2309.8652282714843,26.44302406311035,17.260605937438914,0.7005251995202482,53.86994171142578,31.48284716543649,81.14910621643067,0.35829153112015494,0.9828570760768829,0.7122350708468475,0.7073841085516741,9.289296340942382,9.287053489685059,0.6326732735635573,1.0837193905842861,v4_main_text_r32_3epoch,7992,86.50524061877263,32,three_epoch,,,,,,
v4_main_text_r32_3epoch_step010000,5,2310.7695404052733,26.409343719482422,17.257212338088486,0.699808887866614,53.840217971801756,31.4814699701483,81.90861206054687,0.3624846965398329,0.9798038542902795,0.7167847482541578,0.7122433249322195,9.32914204597473,9.33639054298401,0.6286415917575969,1.0807828944534705,v4_main_text_r32_3epoch,10000,88.30257351486549,32,three_epoch,,,,,,
v4_main_text_r32_3epoch_step012000,5,2311.9114044189455,26.405699920654296,17.26123347137904,0.7001726230664251,53.878483581542966,31.48197045600569,82.2093952178955,0.3623931281105375,0.9779513741352603,0.7155434247842161,0.7102627636909503,9.321394395828246,9.326700067520141,0.6158972422735716,1.0807158723729517,v4_main_text_r32_3epoch,12000,89.90936177772511,32,three_epoch,,,,,,
v4_main_text_r32_3epoch_step014000,5,2310.068817138672,26.385341548919676,17.259489963442707,0.7002564918758176,53.84599304199219,31.485114766525168,81.48626136779785,0.3600366191369869,0.977817280168226,0.7159887281359182,0.711146064243293,9.322306251525879,9.327820014953613,0.6153303160585499,1.0811947153673684,v4_main_text_r32_3epoch,14000,88.97414106698423,32,three_epoch,,,,,,
v4_main_text_r32_3epoch_step015984,5,2314.9302490234377,26.42843704223633,17.255012314612422,0.7000496617756011,53.85947723388672,31.484716629384263,81.90915203094482,0.3606845998649202,0.9750910007373271,0.7186872674945836,0.7140747939831393,9.33564796447754,9.343520307540894,0.6194911604922109,1.081261852595534,v4_main_text_r32_3epoch,15984,87.825016263897,32,three_epoch,,,,,,
v4_main_text_r32_3epoch_step018000,5,2305.681106567383,26.43256378173828,17.26097987618984,0.7008115634246666,53.839968872070315,31.48493623916488,80.90266418457031,0.35804497945656316,0.9862784401023841,0.7145494483515857,0.7101932005302772,9.293266487121581,9.293449115753173,0.6165018935150928,1.083498489089537,v4_main_text_r32_3epoch,18000,83.9578298855325,32,three_epoch,,,,,,
v4_main_text_r32_3epoch_step020000,5,2314.2798919677734,26.43158588409424,17.259129558738454,0.7001107296958692,53.883019256591794,31.481390977693387,81.82762718200684,0.3612524219167478,0.9761625251212921,0.7188473719059438,0.7141228172016079,9.334971952438355,9.339547920227051,0.6175122133629676,1.0807716360878192,v4_main_text_r32_3epoch,20000,88.43764007373471,32,three_epoch,,,,,,
v4_main_text_r32_3epoch_step022000,5,2309.2427734375,26.386476707458495,17.27022368554142,0.7011131215171219,53.80725517272949,31.48805860902251,81.6673454284668,0.3598334606197683,0.9730326016272256,0.7131357068110723,0.7079848719489436,9.300565671920776,9.300234651565551,0.6362054840003984,1.0799373896388347,v4_main_text_r32_3epoch,22000,86.26427874444298,32,three_epoch,,,,,,
v4_main_text_r32_3epoch_step023976,5,2310.6671813964845,26.391981506347655,17.25652648138014,0.7002194239325865,53.85699996948242,31.48258457358319,81.44846248626709,0.35950030416461665,0.9768982739429294,0.7147261832898053,0.7097582110111099,9.320401477813721,9.324287128448486,0.6151164124170653,1.080309026998254,v4_main_text_r32_3epoch,23976,89.23053152507566,32,three_epoch,,,,,,
v4_main_text_r64_3epoch_step007992,5,2306.5919982910154,26.437233448028564,17.261850422836762,0.700946509665268,53.846724319458005,31.485733846302555,80.73403053283691,0.3571938801079588,0.9870925140361484,0.7091200206540375,0.7035987953604061,9.265178680419922,9.26024956703186,0.6290702418352356,1.0839394502037973,v4_main_text_r64_3epoch,7992,83.90570425123443,64,three_epoch,,,,,,
v4_main_text_r64_3epoch_step010000,5,2281.2255859375,26.35820245742798,17.27813248157007,0.7030940938775887,53.802510833740236,31.488032916503734,81.69912681579589,0.36017266903173945,0.9834388189530741,0.7103601517506977,0.7058830091841719,9.276864433288575,9.273039960861206,0.6320522202340083,1.0855103361601723,v4_main_text_r64_3epoch,10000,82.76936715142395,64,three_epoch,,,,,,
v4_main_text_r64_3epoch_step012000,5,2302.68469543457,26.416406059265135,17.27050845941286,0.7018240520463093,53.91885757446289,31.478159237571667,80.821976852417,0.3582677859600656,0.9843656078308912,0.7106319160220933,0.7050677683198936,9.273234224319458,9.26391897201538,0.6211975952062057,1.0831565896201714,v4_main_text_r64_3epoch,12000,83.29420824258159,64,three_epoch,,,,,,
v4_main_text_r64_3epoch_step014000,5,2313.4281005859375,26.416399574279787,17.268270043059534,0.6999898194683755,53.825670623779295,31.484400202480252,81.46308002471923,0.3596298762596272,0.9747134349414337,0.7131035747350059,0.7082994127005334,9.3099365234375,9.315293741226196,0.6299907866423373,1.080445871806147,v4_main_text_r64_3epoch,14000,88.78610849232265,64,three_epoch,,,,,,
v4_main_text_r64_3epoch_step015984,5,2311.2898376464846,26.421245098114014,17.263588689233874,0.7005094549344631,53.81594963073731,31.486538009997776,81.20171451568604,0.357430317030266,0.9708872083114206,0.7139995487835122,0.7091061483404658,9.299030208587647,9.300033617019654,0.6156246168971157,1.0796098027936447,v4_main_text_r64_3epoch,15984,86.39685443693551,64,three_epoch,,,,,,
v4_main_text_r64_3epoch_step018000,5,2275.1656494140625,26.290185928344727,17.298057468976722,0.7042099722214946,53.80701370239258,31.486904098874493,80.60605335235596,0.3565115604538905,0.978143826251636,0.7090091263260321,0.704129485749555,9.262742376327514,9.256264352798462,0.6246506657784551,1.0865284178135792,v4_main_text_r64_3epoch,18000,86.10847174705242,64,three_epoch,,,,,,
v4_main_text_r64_3epoch_step020000,5,2317.0392364501954,26.433308124542236,17.25154208196835,0.6996732780889955,53.85448951721192,31.48575509322726,81.15675926208496,0.35838365041226034,0.9734240589688277,0.7156419511114304,0.7110219175001933,9.315827178955079,9.317448711395263,0.6201607117011856,1.0786691187155772,v4_main_text_r64_3epoch,20000,90.01616307096995,64,three_epoch,,,,,,
v4_main_text_r64_3epoch_step022000,5,2289.6987121582033,26.374052143096925,17.279482791875967,0.7024196404452093,53.823224258422854,31.48716390238702,79.73180904388428,0.3530554456591001,0.9793300558329537,0.71068913568025,0.7054084259253716,9.266955041885376,9.261392641067506,0.6255089198958231,1.0844645123325667,v4_main_text_r64_3epoch,22000,85.67167215837142,64,three_epoch,,,,,,
v4_main_text_r64_3epoch_step023976,5,2310.0344116210936,26.396967029571535,17.268756475341235,0.7004487027102577,53.82902793884277,31.48484580298135,81.1179334640503,0.3592622981954884,0.9733018800750471,0.7107900182383851,0.7056017903858346,9.285299968719482,9.285406398773194,0.6171607152733241,1.0799469638955237,v4_main_text_r64_3epoch,23976,86.80549107376885,64,three_epoch,,,,,,
v4_main_text_r16_continue_step015984,5,2328.915719604492,26.59529867172241,17.206950781088484,0.6982283244407835,53.94261245727539,31.47500247243935,84.17986259460449,0.37030577500439443,0.9935169528980738,0.7245488311019278,0.7205586301881597,9.374773120880127,9.386571407318115,0.5815288944547252,1.0780095078747851,v4_main_text_r16_continue,15984,90.06599489391937,,b200_rank_capacity,,,,,,
v4_main_text_r16_continue_step018000,5,2328.6969940185545,26.589971256256103,17.207549570706778,0.6982080775921691,53.904104995727536,31.479737496391767,84.02125282287598,0.37088924386491773,0.9923193837351694,0.7249371164951491,0.7203066843207344,9.369535064697265,9.375101947784424,0.5935780690282233,1.0794224174885314,v4_main_text_r16_continue,18000,90.27121754798574,,b200_rank_capacity,,,,,,
v4_main_text_r16_continue_step020000,5,2330.4580047607424,26.619360542297365,17.203798406792153,0.6985511991685327,53.96670989990234,31.47414399216234,84.7181640625,0.3732278525663437,0.9945926684978215,0.7268585845353088,0.7224849076104962,9.380044555664062,9.386702632904052,0.5864332642328203,1.0785864007154016,v4_main_text_r16_continue,20000,87.32748559041107,,b200_rank_capacity,,,,,,
v4_main_text_r16_continue_step022000,5,2325.4337310791016,26.56955966949463,17.209952668646615,0.6985843252258086,53.98988990783691,31.473647783197798,84.64849662780762,0.37202814144484164,0.9910970594686545,0.723875300420705,0.7198420990356157,9.368828058242798,9.375776290893555,0.5894530818338503,1.0791501974019204,v4_main_text_r16_continue,22000,89.42235196109198,,b200_rank_capacity,,,,,,
v4_main_text_r16_continue_step023976,5,2328.6960357666017,26.601981449127198,17.213540866157267,0.6989122703136338,53.93206100463867,31.47845265770049,83.80447425842286,0.36916870227293674,0.9902920945689839,0.722654949713297,0.7179627887029503,9.346315288543702,9.348671388626098,0.5955971440219785,1.0815146200334758,v4_main_text_r16_continue,23976,88.46535400994026,,b200_rank_capacity,,,,,,
v4_main_text_r32_step000000,5,2328.962252807617,26.624134063720703,17.210487384003404,0.6984361938306343,53.95564994812012,31.476407839544578,84.70546054840088,0.37303071445034175,0.9928808622079874,0.7245564278924248,0.7197746229641944,9.360262441635133,9.362876796722412,0.5946408872906954,1.0796696250153592,v4_main_text_r32,0,84.07137679469304,,b200_rank_capacity,,,,,,
v4_main_text_r32_step000100,5,2326.1747467041014,26.58985300064087,17.213455855190176,0.6991272753723077,53.9462028503418,31.47762333126115,83.53972511291504,0.36951535973458244,1.0014852055567798,0.7214810885429697,0.716908052962938,9.337413930892945,9.334207487106323,0.5804155485431781,1.0805285033285812,v4_main_text_r32,100,85.07908370510168,,b200_rank_capacity,,,,,,
v4_main_text_r32_step000250,5,2327.7029083251955,26.596551513671876,17.21298533874708,0.6986654004617929,53.97493324279785,31.473215571291554,83.44191265106201,0.3686337582042233,0.9987214455157087,0.7218777731269062,0.7172994478821294,9.337893104553222,9.339135694503785,0.5882019230420845,1.0802289021842193,v4_main_text_r32,250,86.67221689084101,,b200_rank_capacity,,,,,,
v4_main_text_r32_step000500,5,2332.0030212402344,26.61651039123535,17.200790725826703,0.6984897868459028,53.97814292907715,31.474899728161716,83.70667572021485,0.3688303348327915,0.9908240357285696,0.7252062356218192,0.720370603668548,9.368830108642578,9.375616359710694,0.5901588199661342,1.0787304400826474,v4_main_text_r32,500,87.59097769482378,,b200_rank_capacity,,,,,,
v4_main_text_r32_step000750,5,2324.518405151367,26.548949337005617,17.218210608647986,0.6990901618266534,53.85911521911621,31.482700507938254,83.61374359130859,0.3696158587939309,0.991130301908399,0.723139096632692,0.718159794443595,9.362007522583008,9.365553855895996,0.5956493863368276,1.07800423904576,v4_main_text_r32,750,87.3013860804582,,b200_rank_capacity,,,,,,
v4_main_text_r32_step001000,5,2322.078317260742,26.544426727294923,17.222215272200298,0.6999721585376698,53.90179176330567,31.48018204837204,82.76797752380371,0.36536792026959575,0.9899418516955271,0.7185531580905539,0.71398236243737,9.322744512557984,9.321908330917358,0.6008874650287681,1.081352687015962,v4_main_text_r32,1000,86.98566145740702,,b200_rank_capacity,,,,,,
v4_main_text_r32_step001500,5,2298.5954986572265,26.443381786346436,17.251648956055583,0.701396779443979,53.89647674560547,31.480026131053695,82.08346748352051,0.36313609294555255,0.9900403520227977,0.7164792476107026,0.7120159145634462,9.303517150878907,9.304027605056763,0.6097075554418991,1.0844195578989673,v4_main_text_r32,1500,85.65163864727907,,b200_rank_capacity,,,,,,
v4_main_text_r32_step002000,5,2315.2386627197266,26.46443462371826,17.245294399906562,0.7001002277826259,53.83526344299317,31.485503433279195,81.57702693939208,0.3596463498484998,0.9858450923434363,0.7175133718337621,0.7126567058240832,9.31164870262146,9.309177780151368,0.6055792163352685,1.0820072823298077,v4_main_text_r32,2000,86.53427908975542,,b200_rank_capacity,,,,,,
v4_main_text_r32_step002500,5,2314.1889373779295,26.494418621063232,17.250904339091647,0.7002598971553902,53.89318923950195,31.482671000626727,81.49768562316895,0.3596230655877505,0.9863029496324673,0.7147721097747808,0.7088122769701457,9.302883911132813,9.294540166854858,0.610645821242733,1.0810446952568022,v4_main_text_r32,2500,85.13550247089083,,b200_rank_capacity,,,,,,
v4_main_text_r32_step003000,5,2312.543637084961,26.431646060943603,17.253035502373713,0.6997320804300579,53.82598114013672,31.484903752324243,82.1676643371582,0.36310515603884264,0.9839796711855143,0.7188350604413627,0.7144297410675916,9.335037136077881,9.341547918319701,0.6102763605596355,1.0801290773427386,v4_main_text_r32,3000,89.8071258031971,,b200_rank_capacity,,,,,,
v4_main_text_r32_step004000,5,2311.5370483398438,26.40416431427002,17.259489122534458,0.700051146928862,53.88394012451172,31.4809874242879,81.76382427215576,0.36171201093692157,0.980234076957637,0.7169929324092812,0.7123326145275815,9.31835765838623,9.322200632095337,0.6079836391465032,1.0810812755789243,v4_main_text_r32,4000,85.24062607814602,,b200_rank_capacity,,,,,,
v4_main_text_r32_step005000,5,2314.588348388672,26.432040882110595,17.260551194513017,0.6999631819253236,53.85270195007324,31.483992158634408,81.97616844177246,0.36159928154537574,0.9780961299671732,0.7189867269877199,0.7146403927784285,9.334802627563477,9.344332551956176,0.6065825308783402,1.0816044897377926,v4_main_text_r32,5000,88.293600166565,,b200_rank_capacity,,,,,,
v4_main_text_r32_step006000,5,2311.3642974853515,26.4126446723938,17.265835361950828,0.6997771588256423,53.87077445983887,31.483494374214654,81.81147708892823,0.3612829701426589,0.9772102122894267,0.7165997203237978,0.7121926549299544,9.327606201171875,9.337647867202758,0.6252440408714413,1.0822164744925697,v4_main_text_r32,6000,89.15343032440813,,b200_rank_capacity,,,,,,
v4_main_text_r32_step007000,5,2305.9250762939455,26.45040645599365,17.264698027366,0.7012603017467631,53.798783493041995,31.489077184654445,81.27878170013427,0.3592446040092061,0.9878670467138292,0.7151948414193148,0.7097650921119223,9.29792103767395,9.290709924697875,0.615961426573514,1.084306794162848,v4_main_text_r32,7000,83.15364290414968,,b200_rank_capacity,,,,,,
v4_main_text_r32_step007992,5,2313.1266235351563,26.418971252441406,17.256624010778587,0.6996636400082232,53.84907112121582,31.483404207392937,81.9672966003418,0.3611656503097385,0.9764184478605253,0.7174391515714109,0.7131342969555633,9.32847490310669,9.33748197555542,0.6159701248949585,1.080497113964776,v4_main_text_r32,7992,87.42714447984667,,b200_rank_capacity,,,,,,
v4_main_text_r64_step000000,5,2334.9787200927735,26.629851245880126,17.20088476425145,0.6980740463322398,53.928121948242186,31.478515077219317,84.28390579223633,0.3713877331706159,0.9876728105690088,0.7270184581462379,0.7218768544838321,9.373269987106323,9.375518417358398,0.5957765235023181,1.0783300651334904,v4_main_text_r64,0,89.18854690665046,,b200_rank_capacity,,,,,,
v4_main_text_r64_step000100,5,2329.540979003906,26.593121337890626,17.206716008083262,0.6982905346752752,53.97581481933594,31.474206134505334,83.97340965270996,0.3702602868860253,0.9906347214310787,0.7242437394087957,0.720218771236657,9.367441844940185,9.377374982833862,0.59933971669455,1.078982166286046,v4_main_text_r64,100,89.73262076401485,,b200_rank_capacity,,,,,,
v4_main_text_r64_step000250,5,2304.392608642578,26.528526306152344,17.232313901592637,0.7008973760803354,53.84172325134277,31.4846605005262,81.41376209259033,0.3613544104138843,0.9921715875169053,0.7181656522181614,0.7136089488534665,9.312615156173706,9.312428760528565,0.6110721034758085,1.083398172762236,v4_main_text_r64,250,86.07182779255643,,b200_rank_capacity,,,,,,
v4_main_text_r64_step000500,5,2327.2031646728515,26.579171466827393,17.223591925506565,0.6985574858970276,53.86835556030273,31.481885992362102,82.48863735198975,0.36274262874038055,0.9819059222642922,0.7201702438042187,0.7154716004865678,9.336830663681031,9.337131643295288,0.6033406170784283,1.0785789580924956,v4_main_text_r64,500,86.73067661527864,,b200_rank_capacity,,,,,,
v4_main_text_r64_step000750,5,2311.661309814453,26.45770969390869,17.249313141493758,0.6997994319649232,53.870565795898436,31.483913534621458,82.39177074432374,0.3628362565156598,0.9768278407308782,0.7187557440433961,0.7134209512295298,9.337003946304321,9.341776180267335,0.6057378822451058,1.080701537983369,v4_main_text_r64,750,86.75147352378991,,b200_rank_capacity,,,,,,
v4_main_text_r64_step001000,5,2315.8420806884765,26.46949758529663,17.246338287157148,0.6998907735144712,53.88289527893066,31.48162610802865,81.44764194488525,0.35942019756356547,0.9754178358391465,0.7156886481866236,0.7110463218268583,9.31544771194458,9.317477416992187,0.6157321016917697,1.0787984134907265,v4_main_text_r64,1000,85.52082227950447,,b200_rank_capacity,,,,,,
v4_main_text_r64_step001500,5,2312.51682434082,26.448755264282227,17.255424942316147,0.7000169011766075,53.838172912597656,31.486410774777006,82.10054798126221,0.36278305986114245,0.9791848840245528,0.7150863354767542,0.709673317313466,9.31596245765686,9.31759433746338,0.6248977476715687,1.0802370419382135,v4_main_text_r64,1500,85.33231549970978,,b200_rank_capacity,,,,,,
v4_main_text_r64_step002000,5,2310.52614440918,26.41450490951538,17.258395482699903,0.7001974669589751,53.882198333740234,31.480442457891126,81.60838432312012,0.3604600938894925,0.9781764854169033,0.7145959251783998,0.7098478363549351,9.322694110870362,9.329414319992065,0.6127422529925293,1.0805841351313759,v4_main_text_r64,2000,87.13420219900155,,b200_rank_capacity,,,,,,
v4_main_text_r64_step002500,5,2316.293176269531,26.462147903442382,17.25844259744101,0.6998982441653596,53.872954559326175,31.48169601021379,82.09291515350341,0.36160291704446756,0.9749679230331341,0.7175182118009257,0.7123827105782866,9.33163628578186,9.333501529693603,0.609103332652954,1.0808995974133904,v4_main_text_r64,2500,87.48757898211323,,b200_rank_capacity,,,,,,
v4_main_text_r64_step003000,5,2310.6134399414063,26.423899459838868,17.25516459832538,0.7002458094924972,53.85183448791504,31.48449353854848,81.43125915527344,0.35948241111242907,0.9833872962420507,0.7105868031015701,0.7050945075251386,9.279156303405761,9.277611207962035,0.6152707242606532,1.0830763629304252,v4_main_text_r64,3000,83.74867444093348,,b200_rank_capacity,,,,,,
v4_main_text_r64_step004000,5,2298.1985443115236,26.407656764984132,17.269480694639473,0.701260041019034,53.8798023223877,31.48098509430419,80.28416919708252,0.3562000350255121,0.9832046619430189,0.7113062301944867,0.7064596914111548,9.275077438354492,9.270431184768677,0.6254254717696096,1.0847893861322029,v4_main_text_r64,4000,83.2690607414323,,b200_rank_capacity,,,,,,
v4_main_text_r64_step005000,5,2313.5104583740235,26.451688289642334,17.25881261037185,0.700496064276571,53.797644805908206,31.490095959736756,80.6832872390747,0.3564637998958506,0.9809419868379609,0.7110373785027301,0.7065826464735443,9.274177646636963,9.277816677093506,0.6296026380616664,1.0824623460141323,v4_main_text_r64,5000,86.40078003620934,,b200_rank_capacity,,,,,,
v4_main_text_r64_step006000,5,2310.536990356445,26.42344799041748,17.26906600030943,0.7007820415925362,53.85397720336914,31.484703340555797,81.4083402633667,0.3589884796093818,0.9773276722045573,0.7104886408536958,0.7050903484021042,9.273982572555543,9.272347021102906,0.6169355226932336,1.0827855903125319,v4_main_text_r64,6000,86.98461988855655,,b200_rank_capacity,,,,,,
v4_main_text_r64_step007000,5,2307.5380615234376,26.40369939804077,17.26642491193042,0.7004574504697584,53.89448432922363,31.478894017674786,81.30469398498535,0.35978321700257726,0.9757697161563705,0.714006243461254,0.7090265295940448,9.306057548522949,9.306789875030518,0.6135582424318031,1.0808173186693364,v4_main_text_r64,7000,87.41164449128979,,b200_rank_capacity,,,,,,
v4_main_text_r64_step007992,5,2313.454751586914,26.445338249206543,17.256054018145996,0.7000470165189142,53.817525482177736,31.48649157620225,81.4103178024292,0.35952302252435336,0.9777694305464915,0.7135756521131239,0.7083751791579072,9.298196601867676,9.298113012313843,0.6247072251046025,1.0807933644523202,v4_main_text_r64,7992,85.6024938001477,,b200_rank_capacity,,,,,,
v4_actionstrong_text_step000000,5,2389.8572662353517,27.156135845184327,17.150619840918097,0.7010005761795154,54.01211090087891,31.475003912401217,87.22372016906738,0.3876381837887375,0.9879431345291201,0.7224303205935361,0.7168768053408876,9.350742101669312,9.328702545166015,0.710586207595222,1.0665259484688143,v4_actionstrong_text,0,75.58449437551303,,final_h100_v4,,,,,,
v4_actionstrong_text_step000100,5,2388.5065643310545,27.162303256988526,17.139357873277447,0.7004987848978625,53.87080612182617,31.4872866528488,87.87283210754394,0.39068055267197954,0.9871907740662349,0.72470289927223,0.7186974621441138,9.360257768630982,9.338411664962768,0.708340445461664,1.0663017473114542,v4_actionstrong_text,100,76.3217356941766,,final_h100_v4,,,,,,
v4_actionstrong_text_step000250,5,2385.0878662109376,27.156301498413086,17.1655777276046,0.7014872715177479,53.93652420043945,31.48249899883067,86.17981185913087,0.3822309023606974,0.9771910259502571,0.7197149730654949,0.7144280965188855,9.329607915878295,9.308102178573609,0.7053634132435036,1.0639214129848509,v4_actionstrong_text,250,77.58145258157231,,final_h100_v4,,,,,,
v4_actionstrong_text_step000500,5,2375.3659057617188,27.11668634414673,17.240862205735276,0.7043305889226612,53.82333564758301,31.489998649463836,77.74134731292725,0.3480177914103917,0.9239262431865253,0.6960048970085545,0.6898900729341305,9.204353189468383,9.178156328201293,0.714130601222126,1.06309004724399,v4_actionstrong_text,500,76.28461905339148,,final_h100_v4,,,,,,
v4_actionstrong_text_step000750,5,2341.6441009521486,26.909282970428468,17.3358221420345,0.7069550986193642,53.764513397216795,31.493325663635243,73.20773963928222,0.3265915030301746,0.8843599320921142,0.6780601726450616,0.6723332418307886,9.126447200775146,9.09830117225647,0.727834014974841,1.0637567751221297,v4_actionstrong_text,750,76.79313638139345,,final_h100_v4,,,,,,
v4_actionstrong_text_step001000,5,2325.422805786133,26.851558017730714,17.39771123642114,0.7088294951394041,53.821149063110354,31.494469268290494,66.84908103942871,0.3020494099452038,0.8386880406665818,0.6561429009482724,0.6504923668881565,9.017920064926148,8.986894607543945,0.7066363628532392,1.063407251381137,v4_actionstrong_text,1000,73.92529136115704,,final_h100_v4,,,,,,
v4_actionstrong_text_step001500,5,2303.8652221679686,26.622558975219725,17.522781405330402,0.7119464032278509,53.785604095458986,31.494769049739187,62.614275741577146,0.2834162899406433,0.8027549072529124,0.6424411010797799,0.6370072856953752,8.957597589492797,8.934300184249878,0.6911966626328848,1.065656157266194,v4_actionstrong_text,1500,77.61345676102161,,final_h100_v4,,,,,,
v4_actionstrong_text_step002000,5,2256.0543670654297,26.238008308410645,17.600770419087738,0.7140932612773557,53.81023750305176,31.496348842861984,59.72658710479736,0.2728597061477548,0.7904119279544912,0.6410349388573606,0.6357426795333855,8.920893001556397,8.901926279067993,0.6885710345611601,1.0768774219119108,v4_actionstrong_text,2000,76.05808226541515,,final_h100_v4,,,,,,
v4_actionstrong_text_step002500,5,2217.188928222656,25.94374008178711,17.724136158359933,0.7177122156571737,53.94822311401367,31.490498627908398,57.93239116668701,0.2624358966975999,0.7618209688207803,0.6226102819684177,0.6178594290810172,8.854318571090698,8.838153266906739,0.6440055597417708,1.0786586067858035,v4_actionstrong_text,2500,74.95073490233008,,final_h100_v4,,,,,,
v4_actionstrong_text_step003000,5,2205.3056640625,25.83780403137207,17.727885446677355,0.7182295198067477,53.663120651245116,31.502003663539824,57.96377162933349,0.2655447920336757,0.7667166990588454,0.6318266930438432,0.6270889043529129,8.894806432724,8.87283353805542,0.704504548145254,1.0846764732638867,v4_actionstrong_text,3000,77.58154438276682,,final_h100_v4,,,,,,
v4_actionstrong_text_step004000,5,2155.7846740722657,25.42688102722168,17.826100508265462,0.7209502322995033,53.68410873413086,31.50244486280248,54.907810020446775,0.25002802364749305,0.7406914564686274,0.6169681987518731,0.6123255059263348,8.809299898147582,8.788279294967651,0.6712991382561098,1.091312642392394,v4_actionstrong_text,4000,78.4371670788644,,final_h100_v4,,,,,,
v4_actionstrong_text_step005000,5,2208.1008117675783,25.911593627929687,17.734452786057954,0.718729812885553,53.7581298828125,31.500270799873995,55.27454252243042,0.2527459544628287,0.7659861324284369,0.6320156679911191,0.6269621803083971,8.894094753265382,8.872077941894531,0.6807880245071113,1.0907758659804077,v4_actionstrong_text,5000,76.14953815399949,,final_h100_v4,,,,,,
v4_actionstrong_text_step006000,5,2194.377976989746,25.653481101989748,17.77951705380385,0.7194754434250779,53.621411895751955,31.50579622788576,54.01190443038941,0.2478323609678132,0.7539561558429677,0.6248077124130116,0.6204985937459858,8.873617887496948,8.851150131225586,0.6946822065661239,1.0919768270697885,v4_actionstrong_text,6000,76.78703759766657,,final_h100_v4,,,,,,
v4_actionstrong_text_step007000,5,2194.424835205078,25.660024166107178,17.828450462563495,0.7208459113821991,53.644029998779295,31.501569447737648,51.80956678390503,0.23810567135022764,0.7313748950893194,0.6236047690378985,0.6186582052332663,8.858524990081786,8.846291255950927,0.7145330318467481,1.0973801616771226,v4_actionstrong_text,7000,78.23484021663495,,final_h100_v4,,,,,,
v4_actionstrong_text_step007992,5,2178.7205032348634,25.546752452850342,17.857128473335898,0.721733403627045,53.68380584716797,31.500794465956282,51.162359428405765,0.23546918341351666,0.7303195597984,0.6212469976448114,0.6172085751923496,8.851558828353882,8.838870573043824,0.6744426120685458,1.0971385524376775,v4_actionstrong_text,7992,77.61281262484673,,final_h100_v4,,,,,,
v4_conservative_notext_step000000,5,2645.783889770508,28.714097213745116,16.810930679667667,0.6319864888181467,53.79278755187988,31.47767395127109,68.37227478027344,0.30992147510890217,0.8912099719321528,0.738037949251012,0.7323990047188482,9.789863395690919,9.77981333732605,0.6806670938170196,0.9978510617527778,v4_conservative_notext,0,88.53478401981323,,final_h100_v4,,,,,,
v4_conservative_notext_step000100,5,2643.6304443359377,28.71824197769165,16.818255619209364,0.6322652532043629,53.820217514038085,31.474640333933756,68.64057579040528,0.31058194744378526,0.8944631043580831,0.7404417390954328,0.734145918681711,9.798389339447022,9.786776208877564,0.6885985139206732,0.9986450795057612,v4_conservative_notext,100,87.014989687748,,final_h100_v4,,,,,,
v4_conservative_notext_step000250,5,2635.3332275390626,28.65349292755127,16.809891883032844,0.6310750705984784,53.734618759155275,31.482996345146898,67.3609748840332,0.30515759469395326,0.8826668990583052,0.733744689152863,0.7279712804635875,9.752061986923218,9.743850469589233,0.6987900769567773,0.9952834428648891,v4_conservative_notext,250,85.64580323605108,,final_h100_v4,,,,,,
v4_conservative_notext_step000500,5,2607.2507049560545,28.32722101211548,16.887411230411097,0.6363753147987987,53.59840774536133,31.49391652929021,61.24548330307007,0.28010279424983076,0.8423744361706911,0.701837220993715,0.6970363231291354,9.483229064941407,9.47613525390625,0.7202634341506537,0.9911627630397438,v4_conservative_notext,500,89.6328100977176,,final_h100_v4,,,,,,
v4_conservative_notext_step000750,5,2544.3277282714844,27.934512424468995,16.97639522341622,0.6404104672052503,53.58658103942871,31.499161568498323,57.62367610931396,0.26677160409332046,0.8175460869434247,0.682478852002387,0.6777630462728157,9.320701313018798,9.312108755111694,0.717096767645525,0.9942920081163225,v4_conservative_notext,750,92.83542859141372,,final_h100_v4,,,,,,
v4_conservative_notext_step001000,5,2520.0342498779296,27.732437324523925,17.04404108719782,0.6433767375017465,53.54933891296387,31.50231497816792,53.58968391418457,0.24881774362321152,0.7833829499057694,0.6676403552023665,0.6615691394999407,9.219782829284668,9.204701471328736,0.70673543124372,0.9909311120679837,v4_conservative_notext,1000,87.13624273379273,,final_h100_v4,,,,,,
v4_conservative_notext_step001500,5,2511.0310089111326,27.769163799285888,17.101808765347037,0.6455919360604552,53.55633316040039,31.500971201947834,49.997248363494876,0.23106275102954904,0.7368030416896729,0.6416813870480919,0.6362261606711828,9.102086448669434,9.083113813400269,0.6633606493669,0.984266393926964,v4_conservative_notext,1500,82.92025462766819,,final_h100_v4,,,,,,
v4_conservative_notext_step002000,5,2433.6888916015623,27.188468551635744,17.233612782635937,0.6499380385111811,53.44313621520996,31.51459149011838,45.24670381546021,0.21274721601718133,0.7026179629099879,0.6300933298291143,0.6248972374563267,8.983851957321168,8.97215976715088,0.6878061794380456,0.9886919170072431,v4_conservative_notext,2000,81.87794765530339,,final_h100_v4,,,,,,
v4_conservative_notext_step002500,5,2386.983493041992,26.83520574569702,17.354484362488602,0.6543135596198227,53.547953033447264,31.50274530898134,42.63826236724854,0.2021834744285564,0.6653315538325424,0.6105921122223246,0.6052390237394023,8.869742107391357,8.852715492248535,0.6383039941508003,0.9918972542602134,v4_conservative_notext,2500,87.17607829859801,,final_h100_v4,,,,,,
v4_conservative_notext_step003000,5,2381.943344116211,26.861808109283448,17.337954804949234,0.6560020770969122,53.42548294067383,31.51119105840538,43.54405164718628,0.20555077000248198,0.6755080678265492,0.6134638480748873,0.6092271610668953,8.880250358581543,8.875436687469483,0.671397374588898,0.9920278628794748,v4_conservative_notext,3000,88.25353430994923,,final_h100_v4,,,,,,
v4_conservative_notext_step004000,5,2328.27135925293,26.46895055770874,17.490493128928478,0.6626828508524112,53.42878379821777,31.50833721272959,44.81094551086426,0.21013281710909465,0.6771222367580778,0.6115782362388079,0.6067071495259551,8.851424980163575,8.8382417678833,0.6622938286637179,1.0119667043942835,v4_conservative_notext,4000,88.42576281214636,,final_h100_v4,,,,,,
v4_conservative_notext_step005000,5,2326.885418701172,26.51097011566162,17.43205860721286,0.6613507724307992,53.4167896270752,31.508755243045677,42.389380264282224,0.2003940184228683,0.6792866491569276,0.6123276866844785,0.6073713419329734,8.849946546554566,8.84205493927002,0.6700719251133445,1.010971702851295,v4_conservative_notext,5000,87.00408794219234,,final_h100_v4,,,,,,
v4_conservative_notext_step006000,5,2307.436636352539,26.291886615753175,17.482688107884293,0.6637950006262192,53.32283401489258,31.519371267701224,41.900285148620604,0.19774039201916435,0.6686870644025044,0.6086372628840577,0.6032140862943466,8.828992891311646,8.814139652252198,0.6658106459993395,1.0134062599792513,v4_conservative_notext,6000,86.88443112011495,,final_h100_v4,,,,,,
v4_conservative_notext_step007000,5,2280.569201660156,26.154232501983643,17.500849819084998,0.664380953681158,53.289690780639646,31.51969011137468,38.709524631500244,0.18439372608276977,0.6490223645843824,0.5922554046460244,0.5866788053816423,8.763552522659301,8.745501470565795,0.6522741992886333,1.002714003794177,v4_conservative_notext,7000,91.31295911203057,,final_h100_v4,,,,,,
v4_conservative_notext_step007992,5,2257.4398803710938,25.998931694030762,17.486129183533688,0.6639972181157578,53.26747703552246,31.520607710904,40.22332735061646,0.18896589451265017,0.6536034973370646,0.5897552576763767,0.584556031236948,8.773007202148438,8.759504175186157,0.6487192787380337,1.0033166141325773,v4_conservative_notext,7992,87.92696372377381,,final_h100_v4,,,,,,
v4_conservative_text_step000000,5,2392.5292694091795,27.199395847320556,17.143855336847103,0.700643828217596,53.95761604309082,31.479057470956576,87.45442504882813,0.3884861373031295,0.9864010475143751,0.7235549204222924,0.7182214943414584,9.35657877922058,9.336888885498047,0.7112083207057116,1.0654262243836397,v4_conservative_text,0,76.52808287583466,,final_h100_v4,,,,,,
v4_conservative_text_step000100,5,2389.0909912109373,27.179290866851808,17.15001910272797,0.7005057357658248,53.902436065673825,31.48445793847162,88.22343196868897,0.39028182042000675,0.985591896215734,0.7228105015297162,0.7168298925700505,9.351874017715454,9.3275550365448,0.7143201317372574,1.0647282803828533,v4_conservative_text,100,75.82428901571302,,final_h100_v4,,,,,,
v4_conservative_text_step000250,5,2388.5632385253907,27.15116596221924,17.150379369421426,0.7007463108737525,53.965966796875,31.481179577544186,87.8636085510254,0.38891965662281425,0.9888052280832813,0.7222769285644809,0.7169779062980334,9.356752252578735,9.331827306747437,0.7116240379671289,1.0648877020841188,v4_conservative_text,250,74.89768107655286,,final_h100_v4,,,,,,
v4_conservative_text_step000500,5,2392.5693634033205,27.18851308822632,17.1374726403077,0.7004895971792622,53.94506950378418,31.482025004515027,87.43160552978516,0.38927335728852636,0.988812945948969,0.7263909170181303,0.7206963626541594,9.369469499588012,9.34830150604248,0.7057365974183407,1.066783018734957,v4_conservative_text,500,78.67783590648051,,final_h100_v4,,,,,,
v4_conservative_text_step000750,5,2392.331674194336,27.170523357391357,17.144291634025038,0.7006395766183786,53.92216911315918,31.484812029261757,87.92462825775146,0.38967161348786516,0.98489715860064,0.7237845861889084,0.7177773223849382,9.356906127929687,9.332982587814332,0.7214719309959576,1.0656972223290917,v4_conservative_text,750,76.14369276299354,,final_h100_v4,,,,,,
v4_conservative_text_step001000,5,2392.7020263671875,27.185626125335695,17.140578604192676,0.7003574257450726,53.91062965393066,31.483420391841747,87.58549880981445,0.38908274529317305,0.9885133446910398,0.7232522492652661,0.7165129329562501,9.353289985656739,9.328735113143921,0.7152976443574819,1.0657424447568309,v4_conservative_text,1000,77.2542503783157,,final_h100_v4,,,,,,
v4_conservative_text_step001500,5,2393.6417236328125,27.18734474182129,17.140140520939692,0.7001804953719304,53.93724098205566,31.481185197950374,87.58230648040771,0.3892831206715754,0.9906673497058346,0.7230491506196078,0.7170973357200484,9.355569458007812,9.335244607925414,0.7081575084617163,1.0641901803499723,v4_conservative_text,1500,74.60080276592078,,final_h100_v4,,,,,,
v4_conservative_text_step002000,5,2391.0655151367187,27.163192081451417,17.14469459612669,0.700636840861469,53.950631332397464,31.48026250032092,87.42210063934326,0.38742002527066427,0.9894101551368131,0.7240754245165982,0.7184578401775505,9.35951247215271,9.335461139678955,0.7079745590408951,1.0658010955777422,v4_conservative_text,2000,77.0730244519122,,final_h100_v4,,,,,,
v4_conservative_text_step002500,5,2390.032211303711,27.18466672897339,17.155813678943577,0.7009075890379277,53.9132682800293,31.483619405733123,87.53872318267823,0.38924164858803006,0.9844862746861821,0.723176905322774,0.7176880594666872,9.35280122756958,9.331182146072388,0.714407028949112,1.0672093886009049,v4_conservative_text,2500,76.62848444886706,,final_h100_v4,,,,,,
v4_conservative_text_step003000,5,2385.7633270263673,27.13250389099121,17.148024692401485,0.7013349397001846,53.9197078704834,31.484061981945064,87.47745552062989,0.3887465948825703,0.9881265001553234,0.7223789855025347,0.7166375384835979,9.34547233581543,9.32416501045227,0.7116428772983434,1.0668253402962304,v4_conservative_text,3000,76.52865410530566,,final_h100_v4,,,,,,
v4_conservative_text_step004000,5,2385.47878112793,27.140131378173827,17.15783879086275,0.7011280064282887,53.91407852172851,31.484473553793084,87.29283866882324,0.387292807039929,0.985379450191721,0.7221388083156048,0.7160905851289721,9.34556303024292,9.32262167930603,0.7023331369167287,1.065534278045329,v4_conservative_text,4000,75.44078033479823,,final_h100_v4,,,,,,
v4_conservative_text_step005000,5,2391.5685638427735,27.1834303855896,17.14307056692161,0.7006129388598505,53.935690307617186,31.482162951420072,87.75091381072998,0.3897550215402095,0.9894201204664819,0.7221207158905611,0.716656744883665,9.352279567718506,9.331543970108033,0.7100792488784909,1.0652714308966715,v4_conservative_text,5000,76.03864692920348,,final_h100_v4,,,,,,
v4_conservative_text_step006000,5,2389.008810424805,27.173469734191894,17.146173141007516,0.7007808615563571,53.93840713500977,31.479860168526947,88.22296485900878,0.39105917472201235,0.9875434686764702,0.7224305474386934,0.7160931029424619,9.356484317779541,9.330795574188233,0.7108562507467051,1.064152791126865,v4_conservative_text,6000,75.56625273668504,,final_h100_v4,,,,,,
v4_conservative_text_step007000,5,2386.8061920166015,27.15716552734375,17.1563908064576,0.7014509879169564,53.97585754394531,31.47983698739742,88.0313383102417,0.3900280005640023,0.9872429555615486,0.7232017498216096,0.7171587405649846,9.352484035491944,9.327338647842407,0.7011935739105695,1.0648595242203347,v4_conservative_text,7000,74.9758214484525,,final_h100_v4,,,,,,
v4_conservative_text_step007992,5,2390.0864501953124,27.14938917160034,17.148862515851448,0.7005923098911175,53.923396301269534,31.484903392863878,87.89399089813233,0.39080672543331874,0.9848201595471837,0.7228631929443254,0.7171178979525943,9.356604766845702,9.332294082641601,0.7112751582746122,1.0643457277464514,v4_conservative_text,7992,76.5875454566137,,final_h100_v4,,,,,,
v4_main_notext_step000000,5,2648.717575073242,28.733973598480226,16.80687006306932,0.6314621868584479,53.77434120178223,31.476672812454485,68.18287258148193,0.30930262570793204,0.886443093619412,0.7372155932679183,0.7321333639301175,9.784695482254028,9.780809926986695,0.6958314401525071,0.9953065931235503,v4_main_notext,0,87.95681172708203,,final_h100_v4,,,,,,
v4_main_notext_step000100,5,2643.144073486328,28.716193866729736,16.811381547596845,0.6323374550788747,53.80229949951172,31.474757868561323,68.53547496795655,0.31067517654934235,0.8913141397788504,0.7435832307093813,0.7378314621998963,9.821189785003662,9.810184860229493,0.6835098395821666,0.999167922470636,v4_main_notext,100,85.81324759013614,,final_h100_v4,,,,,,
v4_main_notext_step000250,5,2642.4306243896485,28.67277784347534,16.82763224133955,0.6324916368664001,53.735831832885744,31.481384914599268,68.66965675354004,0.310064536908754,0.8856907160249706,0.7353403440696278,0.7309549884498497,9.760703086853027,9.75933108329773,0.6908803962373179,0.9991855942721664,v4_main_notext,250,85.0016793007035,,final_h100_v4,,,,,,
v4_main_notext_step000500,5,2603.684881591797,28.33066282272339,16.862983822329646,0.635938707360584,53.703819274902344,31.48547746380467,66.40668468475342,0.3011076051168762,0.8769069814985742,0.7151516910893888,0.7099201836928312,9.540725708007812,9.534358406066895,0.7002290428151833,0.9955426147237102,v4_main_notext,500,86.5048897269493,,final_h100_v4,,,,,,
v4_main_notext_step000750,5,2571.8156311035154,28.103118324279784,16.92586993105396,0.6389363277595279,53.66229133605957,31.489784017943485,63.038559150695804,0.28808408999260804,0.8528853393040929,0.7032492196472439,0.6979328073175382,9.446961164474487,9.442696332931519,0.7267521481613274,0.9965124132295626,v4_main_notext,750,92.25150298837201,,final_h100_v4,,,,,,
v4_main_notext_step001000,5,2549.961935424805,27.992499256134032,16.978301985546032,0.6422054827651935,53.615177917480466,31.495555651201023,58.986917877197264,0.2732459345699215,0.8355366087413788,0.6915724258645455,0.6857928731780097,9.351348543167115,9.33325662612915,0.7196591967997563,0.9998368114871555,v4_main_notext,1000,90.50202361250771,,final_h100_v4,,,,,,
v4_main_notext_step001500,5,2546.297622680664,27.955336093902588,17.014067796567048,0.6426751738489211,53.61743049621582,31.49500353363129,57.117776489257814,0.2632820528756065,0.8078965108633133,0.6812586170083347,0.6763641484605011,9.306217241287232,9.29493350982666,0.6825877538756474,0.9963058526630725,v4_main_notext,1500,90.30629573531161,,final_h100_v4,,,,,,
v4_main_notext_step002000,5,2502.5127197265624,27.501149463653565,17.11370966057787,0.6477048399351697,53.4765064239502,31.505462285071037,55.64212579727173,0.2590812871902949,0.7953559986458358,0.6765039943509039,0.6712514527272434,9.267697048187255,9.258101320266723,0.6999708689708645,1.0015587778760664,v4_main_notext,2000,89.27866937014119,,final_h100_v4,,,,,,
v4_main_notext_step002500,5,2466.971368408203,27.25146417617798,17.153707265473315,0.6477132547472625,53.52237510681152,31.504009003901785,53.575982666015626,0.24962121152997524,0.7699565621412667,0.6593459819543348,0.6534728843682525,9.18123288154602,9.163220357894897,0.6602800007914331,0.9961817165025242,v4_main_notext,2500,89.60645191630576,,final_h100_v4,,,,,,
v4_main_notext_step003000,5,2486.4658538818358,27.42969036102295,17.149536199038927,0.6479386978077901,53.53672294616699,31.49861362899454,53.81795778274536,0.2500245888546235,0.7649980475213356,0.6633140991025093,0.6581543663425642,9.200106048583985,9.191767597198487,0.6968847093135879,0.9953360334051851,v4_main_notext,3000,89.97001534220516,,final_h100_v4,,,,,,
v4_main_notext_step004000,5,2448.5970794677733,27.134413242340088,17.229618562554275,0.6498956784012827,53.47549552917481,31.504861819980697,52.54942808151245,0.24351238459352667,0.7456153556699253,0.6547617476248051,0.6492420075992259,9.151713466644287,9.137179756164551,0.6763560350312641,0.9956016456124983,v4_main_notext,4000,92.56320509917677,,final_h100_v4,,,,,,
v4_main_notext_step005000,5,2453.917413330078,27.202073669433595,17.237836508408947,0.6524956931327784,53.5569149017334,31.499712441416527,50.72613286972046,0.23910288361714005,0.7519623910094883,0.657359725186221,0.6515841154634998,9.146581602096557,9.135567951202393,0.6805992512214687,1.000792776751288,v4_main_notext,5000,91.64475280373614,,final_h100_v4,,,,,,
v4_main_notext_step006000,5,2444.67258605957,27.069203472137453,17.27971900872064,0.6542767949759152,53.48578109741211,31.504542842750737,49.8178427696228,0.2333950699617655,0.7371263144662469,0.6515834187272923,0.6471906049106166,9.12364649772644,9.121445798873902,0.6749443242076324,1.0028019141206763,v4_main_notext,6000,91.40009565300457,,final_h100_v4,,,,,,
v4_main_notext_step007000,5,2450.70481262207,27.07751226425171,17.214797410371396,0.6508401874429219,53.37875099182129,31.512770781613323,49.49154109954834,0.23158291255605318,0.7380888381651536,0.6450130714403992,0.6403290465476398,9.07686381340027,9.066572284698486,0.6689264126993653,0.9923477918349363,v4_main_notext,7000,86.37840260538752,,final_h100_v4,,,,,,
v4_main_notext_step007992,5,2429.8747650146483,26.97073402404785,17.220324460902344,0.6512424393440132,53.42549514770508,31.50973705619551,49.67229461669922,0.2327276842900928,0.741310651809105,0.6461026439009976,0.6412987708765298,9.086862182617187,9.081010007858277,0.6739365258866241,0.994731199289961,v4_main_notext,7992,84.26703721079667,,final_h100_v4,,,,,,
v4_main_text_step000000,5,2389.4769592285156,27.174322414398194,17.14545355558652,0.7004538011966432,53.95093193054199,31.47873149139201,87.89852561950684,0.39042122873721935,0.987178699429984,0.7238372385345657,0.7172423316209671,9.358880519866943,9.334001684188843,0.7171150564944753,1.064413321512141,v4_main_text,0,74.27028462520934,,final_h100_v4,,,,,,
v4_main_text_step000100,5,2388.144403076172,27.164011001586914,17.151112783860647,0.7008716734415875,53.87742614746094,31.486367941599163,88.06663818359375,0.3894566677359024,0.9860361784923841,0.722920113653676,0.7169954227990429,9.360651063919068,9.337531185150146,0.7127176314282496,1.0655585928644031,v4_main_text,100,77.47976629869726,,final_h100_v4,,,,,,
v4_main_text_step000250,5,2390.34108581543,27.169254302978516,17.141100413883052,0.7003580042665222,53.937934494018556,31.48101898374174,87.35902252197266,0.3884684424870589,0.9860332869840824,0.7229234808358844,0.7166231550862805,9.350270462036132,9.326705169677734,0.7038423962571769,1.0653346421205487,v4_main_text,250,74.8669602988393,,final_h100_v4,,,,,,
v4_main_text_step000500,5,2389.2996002197265,27.161918067932127,17.149615563191794,0.7004701871068453,53.97695121765137,31.477268575378798,87.61198825836182,0.3889513592174257,0.9875936055815199,0.7227635260264582,0.7162823465635852,9.351630783081054,9.326343774795532,0.7044861708900647,1.0665727288030094,v4_main_text,500,77.0030716391177,,final_h100_v4,,,,,,
v4_main_text_step000750,5,2387.9901580810547,27.175396728515626,17.150214295523774,0.7009171857004607,53.866264724731444,31.487728361103716,87.71644325256348,0.38965211924426796,0.9873823148716232,0.7228032435115265,0.7169726880010222,9.357574605941773,9.335419178009033,0.7221220776175297,1.065488959622937,v4_main_text,750,76.4291687600506,,final_h100_v4,,,,,,
v4_main_text_step001000,5,2389.9289672851564,27.172464179992676,17.142566333913344,0.7007617921081588,53.9529052734375,31.479419088542915,87.38558101654053,0.38932959427975844,0.989240329393424,0.7232689860196773,0.717312302885315,9.353429460525513,9.332828521728516,0.7091017387982135,1.064920842445589,v4_main_text,1000,76.3102538180153,,final_h100_v4,,,,,,
v4_main_text_step001500,5,2390.30693359375,27.16117811203003,17.146011442625316,0.7007864149736276,53.90137252807617,31.48540900861888,87.64282855987548,0.389919679275355,0.9893317988147068,0.7240787222060844,0.7184023468343637,9.358199453353881,9.335941219329834,0.7179551628331338,1.0662746114857058,v4_main_text,1500,76.0703569485323,,final_h100_v4,,,,,,
v4_main_text_step002000,5,2389.0393096923826,27.169621562957765,17.14861658287392,0.7009355850660398,53.94434509277344,31.48022602992708,87.88000659942627,0.3914092894809607,0.9901996396684749,0.7224455804416376,0.7162504841545846,9.35286512374878,9.332739305496215,0.7156076483837682,1.0645622933766181,v4_main_text,2000,76.33348181582744,,final_h100_v4,,,,,,
v4_main_text_step002500,5,2387.516326904297,27.16649284362793,17.146518266814457,0.7008006512383023,53.883053588867185,31.48567533561665,87.56932487487794,0.3896583467941184,0.9887614357121887,0.7233420938698549,0.717431838079269,9.35385513305664,9.330867815017701,0.7140180860989148,1.0661038892945869,v4_main_text,2500,76.9839856091105,,final_h100_v4,,,,,,
v4_main_text_step003000,5,2391.5968322753906,27.17180805206299,17.142106456527138,0.7005997102981155,53.950351333618165,31.48120329060263,87.34975891113281,0.38777480942901155,0.989379228596938,0.7236360237044821,0.7175787809097602,9.35997633934021,9.33582010269165,0.7124173789418625,1.0662882804566212,v4_main_text,3000,76.74900642079871,,final_h100_v4,,,,,,
v4_main_text_step004000,5,2389.6796630859376,27.17232723236084,17.152020501273185,0.7011259454451865,53.936960220336914,31.483469677488255,87.91233596801757,0.3908347374358467,0.9858063913885925,0.7241647934585662,0.7185804509843005,9.353877925872803,9.330207967758179,0.7168602675403085,1.066747141322867,v4_main_text,4000,75.44864328625445,,final_h100_v4,,,,,,
v4_main_text_step005000,5,2391.438784790039,27.174201107025148,17.146812536542583,0.7006108429482347,53.94648971557617,31.48089252217552,87.82740631103516,0.3906724002326472,0.9899151341169281,0.7228176641717702,0.7170490895276792,9.354775428771973,9.332657289505004,0.7171960997356857,1.0649403352937186,v4_main_text,5000,76.81590469111862,,final_h100_v4,,,,,,
v4_main_text_step006000,5,2391.564468383789,27.174689388275148,17.139889470883553,0.7001641297755363,53.95463485717774,31.478053205114566,87.84087181091309,0.3907476754429019,0.9880681522130381,0.7236793851503223,0.7178187634796125,9.362742471694947,9.339434671401978,0.7168321088336613,1.0653342568631883,v4_main_text,6000,76.62216223800826,,final_h100_v4,,,,,,
v4_main_text_step007000,5,2387.69462890625,27.158620738983153,17.1510239152238,0.7010205139586103,53.92785491943359,31.4818241070746,88.24834384918213,0.3913029124047508,0.9920272195138331,0.7230816862338576,0.7170660470321558,9.356374979019165,9.335403156280517,0.7147863680451011,1.0643224054027738,v4_main_text,7000,76.41333128718966,,final_h100_v4,,,,,,
v4_main_text_step007992,5,2382.7663848876955,27.124657917022706,17.153804289236717,0.7009236616838065,53.928422927856445,31.482770734328334,87.42548789978028,0.3875937997434534,0.9842902786100203,0.7245667855950777,0.7184965896782801,9.359355449676514,9.332839107513427,0.7033288876620694,1.06721620952236,v4_main_text,7992,75.51752810351857,,final_h100_v4,,,,,,
v4_qualitystrict_text_step000000,5,2388.272933959961,27.141859817504884,17.145682187223876,0.7014321437617845,53.92921142578125,31.480415995502398,87.55914821624756,0.3893451826716835,0.9901929360775321,0.7242891383143902,0.7182791553615061,9.357266187667847,9.330856037139892,0.7205800702171575,1.066982616260474,v4_qualitystrict_text,0,78.10331794584638,,final_h100_v4,,,,,,
v4_qualitystrict_text_step000100,5,2390.18420715332,27.15757532119751,17.152008947333304,0.7005428909521015,53.95023765563965,31.48308059902372,87.73999328613282,0.38947407578852156,0.9898808495308028,0.7236582387007915,0.7180138609565061,9.359530878067016,9.336498737335205,0.711777589347389,1.0658131644760584,v4_qualitystrict_text,100,77.53758332369753,,final_h100_v4,,,,,,
v4_qualitystrict_text_step000250,5,2391.2310485839844,27.182662200927734,17.14028988521068,0.700579137800953,53.94216651916504,31.4812078961475,87.86202888488769,0.39042269098270843,0.9873485755772193,0.7234573397600277,0.7176456294800662,9.353397703170776,9.330536794662475,0.7077798601394385,1.0653968418862703,v4_qualitystrict_text,250,75.07015958551753,,final_h100_v4,,,,,,
v4_qualitystrict_text_step000500,5,2388.2729583740233,27.162712001800536,17.140293994556863,0.7004491529453055,53.94181785583496,31.483489689761445,87.50577125549316,0.38929996429137054,0.989198907536391,0.7227474887545232,0.7168265672656254,9.349559545516968,9.329460906982423,0.7013228166990192,1.0651657402787724,v4_qualitystrict_text,500,75.72585745291943,,final_h100_v4,,,,,,
v4_qualitystrict_text_step000750,5,2390.2754241943358,27.185830211639406,17.14150116332747,0.7005739185525448,53.98227729797363,31.477392185300808,87.81785659790039,0.3897883592925392,0.9892241893441094,0.7228408720944743,0.7167931857910086,9.352449035644531,9.330754280090332,0.7048489643143184,1.0651289645113238,v4_qualitystrict_text,750,75.1325899430988,,final_h100_v4,,,,,,
v4_qualitystrict_text_step001000,5,2388.0177307128906,27.164256286621093,17.151398195344623,0.7010337133739422,53.940710830688474,31.481759090151883,87.33322010040283,0.38904450158408227,0.9901370751433725,0.7229965547869147,0.7163995936687294,9.354961347579955,9.330038356781007,0.7054239647128157,1.0646276198795195,v4_qualitystrict_text,1000,75.44871384439904,,final_h100_v4,,,,,,
v4_qualitystrict_text_step001500,5,2387.846716308594,27.13883066177368,17.142907737838506,0.7003526187634904,53.90562286376953,31.482890298388906,87.75853233337402,0.3899525773893362,0.9871078400613629,0.7219478761730167,0.7160951781690689,9.345564842224121,9.321563148498536,0.7160404413201091,1.0648028644134402,v4_qualitystrict_text,1500,76.7127609421378,,final_h100_v4,,,,,,
v4_qualitystrict_text_step002000,5,2390.9824035644533,27.175927066802977,17.145653034482887,0.7007022774180779,53.98091430664063,31.4775268156648,87.5078535079956,0.3889338330885065,0.988811362082226,0.7215367670658128,0.7156103208111649,9.34803032875061,9.322933387756347,0.6962694468306451,1.0658394014525645,v4_qualitystrict_text,2000,76.09444226350061,,final_h100_v4,,,,,,
v4_qualitystrict_text_step002500,5,2387.198861694336,27.151534652709962,17.14809179773074,0.700618255509088,54.022559356689456,31.474876745898893,87.59738330841064,0.39025903841945453,0.9888294465318183,0.7227888744203527,0.7170370262748351,9.34908561706543,9.32448239326477,0.7063507508901095,1.0658523659761472,v4_qualitystrict_text,2500,74.26438640051506,,final_h100_v4,,,,,,
v4_qualitystrict_text_step003000,5,2387.121597290039,27.169917011260985,17.150629472890294,0.7009760352393466,53.95933380126953,31.478947040517266,87.7302417755127,0.3898398981998114,0.9868725358277668,0.7217293690190937,0.7155601503888338,9.346597909927368,9.324811601638794,0.7106908374911087,1.0658430911863974,v4_qualitystrict_text,3000,77.04898267067767,,final_h100_v4,,,,,,
v4_qualitystrict_text_step004000,5,2389.2186279296875,27.176681137084962,17.14150238973,0.7005016956588748,53.99674034118652,31.47580553584868,87.28083152770996,0.38921871492345606,0.9883278908206805,0.7222480101788123,0.7161681672665845,9.348193597793578,9.325523376464844,0.7116674631619213,1.0652107636678303,v4_qualitystrict_text,4000,75.6223094130547,,final_h100_v4,,,,,,
v4_qualitystrict_text_step005000,5,2391.592758178711,27.186925888061523,17.13307556858164,0.7001958781183679,53.98203620910645,31.478342811961557,87.96218814849854,0.3910372909093967,0.9891757721594441,0.7247286500993237,0.7187293394420278,9.36374111175537,9.341246223449707,0.7217403517055485,1.0652811296250637,v4_qualitystrict_text,5000,77.98061014332816,,final_h100_v4,,,,,,
v4_qualitystrict_text_step006000,5,2389.6754608154297,27.188587188720703,17.14888743730588,0.7009637349011657,53.949567031860354,31.479149533770975,88.04288139343262,0.3913471929202622,0.992535343644428,0.7246551550035109,0.7191135878322685,9.363190269470214,9.340460109710694,0.7073121472322967,1.064755354337311,v4_qualitystrict_text,6000,77.61176969199576,,final_h100_v4,,,,,,
v4_qualitystrict_text_step007000,5,2389.3722259521483,27.172647190093993,17.141590163270678,0.7005992657237,53.93892555236816,31.479617897803216,87.13814296722413,0.38674194657868466,0.9911224779751535,0.7235298384675068,0.7176972997358206,9.352928876876831,9.329904699325562,0.7096959545761832,1.064974109810286,v4_qualitystrict_text,7000,75.43389224012526,,final_h100_v4,,,,,,
v4_qualitystrict_text_step007992,5,2388.498016357422,27.152606201171874,17.143569872270422,0.7004937203812005,53.93138732910156,31.48378654548923,87.70690631866455,0.3900300381185267,0.9845669441444279,0.72344400260952,0.7172914740955869,9.34900541305542,9.325889682769775,0.7158700123923182,1.0661527417662722,v4_qualitystrict_text,7992,77.67824228342761,,final_h100_v4,,,,,,
shifted_lognormal_base,5,2158.988116455078,25.54275789260864,17.5267259016555,0.747741407082706,54.19499588012695,31.452194510063133,63.54195232391358,0.3555071672043221,,0.8858062070364184,,10.456490755081177,,0.6711395637736695,1.1855712267081981,shifted_lognormal,0,,,noaction_shifted,"Shifted log-normal timestep, clean context",72.35742227732871,torchvision_r3d18_kinetics400,5,16,112
shifted_lognormal_step000100,5,2179.8507690429688,25.597945594787596,17.517121369121323,0.7484494681659222,54.154518127441406,31.452368586569083,62.68432140350342,0.3553314841155009,,0.8808011766509667,,10.411869859695434,,0.6695247974839569,1.191653382182635,shifted_lognormal,100,,,noaction_shifted,"Shifted log-normal timestep, clean context",70.95485701508454,torchvision_r3d18_kinetics400,5,16,112
shifted_lognormal_step000250,5,2136.5436828613283,25.415529251098633,17.631792740315632,0.7518048158726313,54.08115119934082,31.46234888872317,60.11644439697265,0.33298465923875015,,0.8607801883365772,,10.330570507049561,,0.6817167815090294,1.1913504260349006,shifted_lognormal,250,,,noaction_shifted,"Shifted log-normal timestep, clean context",74.71549411328752,torchvision_r3d18_kinetics400,5,16,112
shifted_lognormal_step000500,5,2134.9008392333985,25.495070457458496,17.7095584194767,0.7555462731567898,53.9515380859375,31.470604584871285,55.15020198822022,0.3021232661528184,,0.8250633798557576,,10.129193544387817,,0.683907462775774,1.1904295489185885,shifted_lognormal,500,,,noaction_shifted,"Shifted log-normal timestep, clean context",71.86130829145733,torchvision_r3d18_kinetics400,5,16,112
shifted_lognormal_step001000,5,2106.725357055664,25.3152795791626,17.843610949943905,0.7606257326440036,53.78301239013672,31.48426320292115,51.565598487854004,0.28155908275244645,,0.7971515923155255,,9.959428358078004,,0.6952439906169146,1.2073433760150107,shifted_lognormal,1000,,,noaction_shifted,"Shifted log-normal timestep, clean context",69.62457922003722,torchvision_r3d18_kinetics400,5,16,112
uniform_cleanctx_base,5,2149.0058685302733,25.46404085159302,17.550082102127917,0.7486557154016884,54.15869789123535,31.45271150153922,63.92031707763672,0.35901579956264296,,0.8880284734998926,,10.46735920906067,,0.6731411366953933,1.1899230377428993,uniform_cleanctx,0,,,noaction_shifted,"Uniform timestep, clean context",73.0964849991914,torchvision_r3d18_kinetics400,5,16,112
uniform_cleanctx_step000500,5,2135.8696197509767,25.42097673416138,17.732082608929108,0.7548956020956196,53.905710983276364,31.475537080214604,55.84204521179199,0.3055932737838375,,0.8299728304003435,,10.157121801376343,,0.6936980657529318,1.1968508660909074,uniform_cleanctx,500,,,noaction_shifted,"Uniform timestep, clean context",69.6621235586149,torchvision_r3d18_kinetics400,5,16,112
uniform_cleanctx_step001000,5,2121.4385498046877,25.36243953704834,17.774678985091686,0.7574253804697728,53.891197204589844,31.47711396312592,52.82635612487793,0.2879999919107128,,0.8115946868363683,,10.045363712310792,,0.6969433102524489,1.198796874307612,uniform_cleanctx,1000,,,noaction_shifted,"Uniform timestep, clean context",69.70778211228199,torchvision_r3d18_kinetics400,5,16,112
uniform_cleanctx_step002000,5,2114.657565307617,25.290663528442384,17.796095300189013,0.7582803944663435,53.86246566772461,31.481495988716283,51.69326629638672,0.280237881980849,,0.8031711998894953,,9.981512260437011,,0.6946217030284659,1.1976650519532934,uniform_cleanctx,2000,,,noaction_shifted,"Uniform timestep, clean context",66.81871513391775,torchvision_r3d18_kinetics400,5,16,112
uniform_cleanctx_step003000,5,2109.2437957763673,25.256758403778075,17.817114341771884,0.7596110873968362,53.8353874206543,31.483905810935784,50.912852668762206,0.2767467319318051,,0.8003688588654899,,9.974091005325317,,0.6882906554933383,1.2011896381655636,uniform_cleanctx,3000,,,noaction_shifted,"Uniform timestep, clean context",70.4165504901026,torchvision_r3d18_kinetics400,5,16,112
uniform_cleanctx_step004000,5,2116.2439147949217,25.308864402770997,17.8082647471282,0.758878261352515,53.823024368286134,31.483293543048397,51.10788841247559,0.27723735007395556,,0.7971306082273246,,9.953458642959594,,0.6856971080832343,1.1971345447598947,uniform_cleanctx,4000,,,noaction_shifted,"Uniform timestep, clean context",70.46127916366959,torchvision_r3d18_kinetics400,5,16,112
uniform_cleanctx_step006000,5,2115.9398345947266,25.284082221984864,17.83243354490411,0.7600428191194825,53.7878173828125,31.484517895702417,49.716070556640624,0.2718857738136933,,0.7974207393465383,,9.964396524429322,,0.6935809541529177,1.2102246345926568,uniform_cleanctx,6000,,,noaction_shifted,"Uniform timestep, clean context",68.75602261712729,torchvision_r3d18_kinetics400,5,16,112
uniform_cleanctx_step007992,5,2108.088070678711,25.243503284454345,17.841652445922485,0.7604330540017656,53.780630874633786,31.48666326691862,49.604541015625,0.2706583144439068,,0.7960941169044105,,9.95537896156311,,0.6912704647883159,1.2043955872925265,uniform_cleanctx,7992,,,noaction_shifted,"Uniform timestep, clean context",69.57342845032832,torchvision_r3d18_kinetics400,5,16,112
uniform_cleanctx_step010000,5,2105.7577209472656,25.24528980255127,17.833012982774154,0.7603565446665217,53.817908477783206,31.483633627421757,50.36542434692383,0.2738233606308953,,0.796381674080586,,9.946204710006715,,0.6829223711033198,1.2035676282531784,uniform_cleanctx,10000,,,noaction_shifted,"Uniform timestep, clean context",69.75976213515113,torchvision_r3d18_kinetics400,5,16,112
uniform_cleanctx_step012000,5,2109.1824645996094,25.24783363342285,17.852440820672506,0.760420055371348,53.778791427612305,31.48726472274759,49.926543617248534,0.27167864284243715,,0.7964809725864201,,9.953341388702393,,0.6854387217095316,1.2062871505211616,uniform_cleanctx,12000,,,noaction_shifted,"Uniform timestep, clean context",67.93959458819745,torchvision_r3d18_kinetics400,5,16,112
uniform_cleanctx_step014000,5,2111.2114532470705,25.267520713806153,17.827979322839973,0.7597177095604467,53.875983810424806,31.480513843145513,50.3605260848999,0.27248089064879105,,0.7968681127818076,,9.953772592544556,,0.6770651650817254,1.2011077523258364,uniform_cleanctx,14000,,,noaction_shifted,"Uniform timestep, clean context",68.72721627167354,torchvision_r3d18_kinetics400,5,16,112
uniform_cleanctx_step015984,5,2117.928176879883,25.301106643676757,17.819840058276586,0.7594493818273854,53.7836254119873,31.487727320229602,49.68180828094482,0.27123255168705496,,0.798732373098833,,9.968224811553956,,0.6836692460184055,1.205779778674879,uniform_cleanctx,15984,,,noaction_shifted,"Uniform timestep, clean context",70.21747530854364,torchvision_r3d18_kinetics400,5,16,112
